comentarios,result
ele discute a reeleição nas esferas federal estadual e municipal ou somente federal se for somente federal tarcísio é um hipócrita ele tenta a reeleição para governador então parece que ele quer o fim da reeleição para presidente da república joga para a galera e engana os bozotrouxas,negativo
perdendo a guerra e fazendo tiktok pra fingir que tá tudo bem,negativo
o que mais existe é gente querendo ser lider vergonha isso sim,negativo
esse cara é uma piada,negativo
uma senhora foi falar com o médico sobre um novo remédio que ele havia receitado ela disse que estava se sentindo melhor mas q estavam nascendo pêlos em lugares que ela não tinha antes bro médico disse que era normal ter alguns efeitos no início do tratamento mas o importante é que ela tinha melhorado braí o médico perguntou mas onde estão nascendo pêlos bra senhora respondeu nas minhas bolas doutor nas minhas bolas,neutro
tome,neutro
se fosse trump já teria saído faz tempo disso aí mesmo só quero ver como esse bloco de comunismo vão ser vira,negativo
quem banca da otan é os estados unidos certíssimo trump,negativo
a href interesse que ele falabrmentefalando em naçãobrbré a propria sobrevivência delebre de ninguém mais além delebrbrpode acreditar,negativo
como é que pode bro trump vai no iran arrumar briga bre agora ele quer que o reino unido e frança resolvam essa questãobrtrump não cansa de passar vergonha,negativo
é o dia em que a hipocrisia impera,negativo
foi o tramp quem fechou o estreito de ermus pois o petróleo americano está garantido pela venezuela,negativo
esse quotdoritosquot perde feio pro pinóquio,negativo
quando um mentiroso compulsivo assume o poder,negativo
e o flavio bolsonaro quer entregar o brasil para esse otário do trump,negativo
que as bênçãos enviadas pelo nobre iran continuem destruindo a terra fictícia dos genocidas amém,negativo
olha a mentira aí gente,negativo
o heroi do rachador brmente,negativo
trump o estuprador de criança adorado pelos zumbis de igreja deus pátria família,negativo
trump e um estrategista só um desvio de foco pode ser que irá invadir o irã ou mais bombardeios massivos,negativo
esse povo morre todo mundo mais ninguém deles se rende e parte da religião deles,neutro
sou contra cessa fogo,negativo
então vão ganhar mais bombas de presente,negativo
como voces ousam desmentir o deus laranja é muita cara de pau do pessoal do quotquintal dos estados unidosquot chegar e vir aqui dizer que o deus laranja da santíssima trindade junto com o deus dinheiro e o deus mercado estaria mentindo cuidado não com os lambeôvo de gringo das terras tupiniquins,negativo
o pato donald é mentirosobrsó acredita é gado,negativo
po nessa ai nosso amigo trump fez errado matou o cara o filho assumiu com sangue nos olhos por vingança virou marti,negativo
a melhor parte é ver as pessoas achando que algum lado está falando a verdade e não manipulando qualquer informação que os faça parecer fracos,negativo
pra quem mente o tempo todo pq seria diferente no de abril,negativo
tudo que o trampo fala o irã desmente,negativo
todo mundo sabe quem é o mentiroso supresa nenhuma,negativo
os estados unidos está pedindo arrego e está investindo de tudo,negativo
manipulação da bolsa de valores simples assim,negativo
pela foto de apresentação deste vídeo é mostrado a nós o que eles querem que nós vemos o reflexo da caverna de platão manipulado quot tipo os eua são os mocinhos e o iran os vilõesquot filme de hollywood,negativo
cnn lixo esquerdistabronde tem esquerdista tem roubo corrupcao e miseriabrtodo esquerdista e um falido frustrado que inveja o sucesso dos outros,negativo
q vergonhaaaa,negativo
vai irã,positivo
calma gente estratégia de guerra,neutro
devenos acreditar em quem pela na exrtrema eaquedista cnn nos poupe vc é namoradinha do cara do bc e fica defendendo coisa errada quem acredita em vcs e pra comprovar o ue disse olhas os comentarios abaixo só canhoto,negativo
tramp não quer declarar que perdeu mané,negativo
a coisa é tão absurda cínica e selvagem que jornalista nem sabe mais o que falar,negativo
o irã está sendo esmagado a maior derrota militar do século xxi a rússia há quatro anos levando o raio e em um mês os aiatolás fanáticos foram massacrados,negativo
tá passando vergonha e quer sair por cimabem comum isso nos covardes,negativo
bom que aguentem o inferno,negativo
trump é mentiroso e falso patriota,negativo
maduro e ali ktambem duvidarammviva trump,negativo
kkkkkk mostra a cara vermes o irã já era brdeus salve os euabrbora destruir eles trumpao,negativo
a palavra do trump vale tanto quanto a dos bozos,negativo
essa mídia tá de compro com esse lixo em divulgar essas informações sabendo que o cara é um mentiroso kkk,negativo
eua passando vergonha no crédito,negativo
só jornalistas do brasil tem coragem de falar uma coisa dessas,positivo
a gadaiada idiotizada pira,negativo
trump está cagado,negativo
vocês acreditam no iran pais que colocam crianças de anos para lutar na guerra pelo amor de deus eu acredito x nos eua iran está sem saída e vocês acham que iran está em vantagem nessa guerra,negativo
o amiguinho do epstein é o pai da mentira e ídolo do bolsonarismo,negativo
é só o irã falar que vai bombardear as fintechs se ele for atacado que o machão do trump começou a mudar de ideia,negativo
o iran só tem o que não presta tudo de ruim acontece lá para ser comandado pela esquerda,negativo
trump parece que é irmão gêmeo de bolsonaro são idênticos na mentira e na perversidade,negativo
o irã ja era kkkkkk acabou pufffff,negativo
o roteirista da vida dele tá sem criatividade já,negativo
que bom que que eles negaram pode continuar laranjão,negativo
vergonha bré tem gente q acredita no lixo do bostil,negativo
povo brasileiro não vamos esquecer esses fdp na próxima eleição apesar que devíamos pedir a cassação desse crápula agora,negativo
o brasil vivendo o cúmulo da corrupção envolvendo stf e pt será que o congresso tem clima hj para fazer sabatina de ministro,negativo
lá vem emendas parlamentares para aprovarem mais um indicado pelo painho kkkkkkkkkkkkkkk já estamos fudidos mais um para fuder um pouco mais kkkkkkkkkkkkkkk sai um entra outro,negativo
mais um para o tribunal do crime,negativo
novo toffoli do pt,negativo
fonte maluca gasparzinho muuuuuuu,negativo
o dinheirofalará mais alto,negativo
o alcolumbre não tem outra opção pra sabatinar o quotbessiasquot ele vai ter que fazer a leitura da instalação da cpmi do master acho muito difícil ele arriscar essa manobra,negativo
é o futuro toffoli,positivo
antes da sabatina tem que resolver a guerra mundial que álias tem que se desenrolar no oriente médio pois é lá que inventaram a guerra,negativo
batoré consegue ser pior que pacheco,negativo
o alcolumbre agora é golpista,negativo
código de ética somente com acordo dos ministros e não pode amarrar juízes do stf favorecendo golpista como o expresidente bolsonaro preso domiciliar,negativo
nunca houve ética no stf eles podem tudo,negativo
fachin deveria prender o careca,negativo
fachin é o unico que pode salvar o stf brasileiro embora seja esquerda mas têm uma excelente cultura,positivo
não adianta de nada criar um codigo de conduta se eles mesmo votam pra passar por cima do mesmo,negativo
é um cara d pau ele tem q apoiar agora as investigações,negativo
fachin tem que colocar ordem no stf a maioria dos ministros envolvidos em escândalo,negativo
me digam para que serve esse código de ética proposto pelo fraquim claro que os três mosqueteiros deus mor estão cagando e andando para presidência do fraquim,negativo
parece que o papa resolveu distribuir entre os cardeais um caderninho de catecismo kkkkk,negativo
vai deixar pra depois das eleições porque antes vale tudo viva a ditadura do judiciário,negativo
lkkkkkklkmm meu deus se o brasil é quase um continente como é gigante em tudo por isso teremos que ter adm com mentes gigantes e que sejam próativos,positivo
vidas feliz eterna,neutro
mai tenha vergonha na cara sujeito kkk brincando com patinho de borracha nesta idade kkk apoio emocional kk,negativo
ladrão,negativo
ele o demônio,negativo
em questão de tempo no poder deve ser questionado agora o tempo desse atual ele já mostrou a sua competência em destruição só não vê quem não querbrex o correio é a ª vez que ela entra em falência e o pior de tudo quotsem concorrentequot quotpetrobra idemquotbrespero que na próxima eleição o povo procurou se esclarecer e sair da quotignorânciaquot e votar quoto crrtoquotbrchega de quotcorruptosquot desviando verba para comprar parlamentares,negativo
é ele usa muito sobre democracia e no entanto no meio deles há vídeo em que ele fala quottudo menos democraciquotbre o pior de tudo ele comparar pobre com quotpapel higienicoquot,negativo
rapaz tu és um mentiroso o povo não acredita mais,negativo
descondenado desgraç,negativo
o mundo já viu mensalão e petrolão como regime democrático ptista,negativo
só vou falar uma coisinha bem aqui eu como brasileira não acredito que ainda a gente vive em uma democracia plena,negativo
democracia relativa do pt onde ele manda né,negativo
anos é muito tempo no poderbrstf tbm tem que ser regulado o tempo,negativo
quer arrumar parceiros para roubar de novo,negativo
messias nao passa nem pela direita e nem pelo centrao,negativo
se aprovarem esse incompetente para o stf e mais um corrupto para aumentar a gangue dos corruptos do stf vergonhoso,negativo
donald trump não sabe nem o que fala,negativo
austrália é um país comunazista horrível tem tudo quanto é criatura perigosa em tudo quanto é lugar as leis lá são contra a liberdade de expressão e eles buscam censurar tudo,negativo
obrigado por essa informação cnnbrbrrealmente é uma reportagem maravilhosa para encher linguiça da internacional já que não deve ter nenhuma informação liberada pelo censor sionista dos varios fatos que a midia oriental esta reportando sobre a guerra,negativo
fico imaginando se era puramente elétrico ou híbrido,neutro
o brasil tem que estatisar todas as empresas estrategicas petrobras avibras cbc eletrobras cosan ccr csn vale e varias outras chega dessa aventura social democrata e neo liberal o brasil esta virando uma europa dependente da boa vontade de especuladores a diferença é que pulamos a parte do bem estar social e fomos direto para o sucateamento,negativo
a china nos ultimos anos triplicou a produção de diesel e aditivos e dobrou a reserva estrategica de petroleo brmas deve ser porque lá a empresa e estatal sem capital misto brai não precisa pensar primeiro no acionista para depois ver se da para implementar necessidades estrategicasbresses paises comunistas não pensam nos pobres especuladores coitados,negativo
é isso aí faz o l,neutro
parece piadabrbrquem conhece a história do motor a diesel sabe que o motor foi criado e desenvolvido para ter auto suficiência em seu combustível principalbrbrobs a única auto suficiência que interessa a um povo é a auto suficiência dos impostos ou seja impostos justosbrbrjornalistas é o primeiro quot muro quot da idiotização de uma nação,negativo
chambriard é francês locutora não se pronuncia o d,neutro
inquérito deve continuar até o governo de extremadireita de trump acabar e deixar de tentar trapacear as eleições no brasil,negativo
esse inquérito é a prova que o brasil sofreu um golpe de estado da juristocracia pilantras,negativo
pensei que ele tinha ordenado o encerramento do inquérito mas o bud sugeriu,negativo
onde estão os senadores comandantes militares e juristas de bem desse país,negativo
alexerxes vai prender fraquin,negativo
é uma guerra química com uma drogaria em qualquer esquina perto de você,negativo
corrigindo fachin o veneno do qual voces estão matando pessoas perseguindo censurando e prendendo a hora de vocês pagar por isso está chegando,negativo
só espero que os verdadeiros criminosos sejam responsabilizados por esses abusos arbitrariedades e absurdos sem que sejam protegidos pelo escudo da toga,negativo
bmoraes vai se tornar presidente do stf em b,neutro
esse velho é outro lacaio do moraes só fala fala mas na hora de votar é sempre favorável a corrupção,negativo
pode anotar aí morais vai usar o inquérito nas eleições novamente não está segurando só para espera assumir a presidência do stf mais pra usar nas eleições,negativo
esse tipo de declaração pode ser interpretada como antidemocrática kkkkk,negativo
já virou veneno e está saindo muito caro para o povo brasileiro e os remédios na farmácia também já foi anunciado que vão subir o último que sair por favor apague a luz se ainda tiver,negativo
comunazismo é uma desgraça,negativo
os deuses do olimpo estão acima de todos e de tudo,neutro
o quotcoronezinquot mimado um imbecil desqualificado e eterno candidato a presidente kkkkkk,negativo
que lábia o larápio tem o cara é ruim e bom ao mesmo tempo kkkk,neutro
briga entre cirão da massa e o larapio dedo eu torço pela briga kkk k,negativo
ciro não se deixa manipular facilmenteo não quer,positivo
o e o melhor hj pro estado do ceara e se o brasil quisesse era uma benção,positivo
falou o cara que não fez porra nenhuma em anos de mandado e que matou qualquer liderança dentro do pt,negativo
bandidos nenhum vale nada,negativo
pobre vai andar de avião,negativo
cada presidente tem o dever de cuidar do interesse do seu país já aqui na terra de ninguém o larápio só se preocupa em roubar e dar migalhas aos pobres de estimação pensa numa raça martida,negativo
faz o l cambada e segura a bucha que é só o começo,negativo
oa bolsominion fazem o t de tramp agoraele ta causando no mundo o caoss,negativo
guerra nada a culpa é do cachaceiro ainda tá pouco só,negativo
calma vai dá tudo certo,positivo
hahahahahahahahaha faz o l brbrsoberania,negativo
linda,positivo
enquanto isso o povojá sabe né,negativo
imagina os acionistas devem ganhar um fortuna,negativo
uma guerra sempre vai ser algo lucrativo pra alguém normalmente eram os estados unidos dessa vez acho que não vai ser não,negativo
bolsonaro já teria vendido tudo a preço de banana não renderia nada,negativo
o pior e mais lamentável é saber que o brasil não consegue refinar seu próprio combustível que consome principalmente óleo diesel,negativo
vergonha,negativo
hahahahaha parabéns sr trump acionistas da petrobrás agradecem,negativo
porquê o davi aucolumbre não quer aceitar o jorge messias,negativo
parabéns messias seja bem vindo ao stf,positivo
se essa besta passar é pq não temos direita de verdade nesse país,negativo
parabens messias vai firme,positivo
vai fazer compras,neutro
o presidente do senado vai pautar a indicação do messias pra fazer isso ele vai ter que ler o pedido de instalação da cpmi do master,neutro
supremo com onze é igual a canarinha com neymar só dez em campo,neutro
aqui em campo grande rj os milicianos agora viram sócios de empresas idôneas lavar dinheiro com centenas de farmácias já é coisa normal,negativo
vagabundo fora pt,negativo
deixa de mimimi oxxxi porra de combater meu irmão faz a limpeza geral e pronto e sem mandato e pronto e classifique essas porra como terrorista e pronto deixa de ser otários políticos sfds enrolação da mzr fodasse porra de direito humanos vai lá e prende ou executa tudinh e pronto resolvido nunca mais vai ter crimes e facções com drogas e a armas resolvido bote moral bote medo seus otários de políticos baba ovo de terroristas e de leis,negativo
outro argumento mole,negativo
parabéns trump pela iniciativa assim fez a república do bananal se mexer e ter medo,negativo
o cara vem sem os dados só falar abobrinha pros alienados,negativo
dá nojo ver um ser desse falando,negativo
ultravioletas,neutro
suspeitocurioso só sancionar a lei antifacção após tanta pressão americanabrse brasil quer cooperação internacional pq não copera com usa e outros paísesbrse se quer combater crime organizado e facções pq não buscar ajuda treinamento com quem entende e tem mais capacidade sistemática técnica empírica tecnológica etcbrbrquerem nos ludibriar em ano eleitoral só falar e falar mentir e mentirbrque vergonha desses políticos de esquerda e direita e desse poder jurídicoautoritáriobrbrnós vamos nós vamosbrpara queremos ações na práticabré pobre morrendo crianças sendo alienadas no crime e leigos sendo enganados,negativo
forma do pt de combater o crime organizado e se junta aos manos com dialogo fabulosos e usar boné da cpx,negativo
trump esta demorando bota para torar neste comunista,negativo
trump classifica esses terroristas logo e deixe de mimimimi,negativo
é só sentar como homem conversar e pagar o pedágio me parece que é isso que eles estão pedindo acho até pouco,negativo
na segunda guerra mundial os eua entraram e resolveram a parada contra a alemanha que havia colocado a europa inteira debaixo de suas botasagora inglaterraespanhae outros países não querem gastar seu rico dinheiro com guerras isso até elas baterem em suas portas,negativo
tantas reuniões pra nada,negativo
kkkk se cagaram que o trump vai sair da otan e vai pro lado da rússia aí a ucrânia é europa já era kkkkk quer petróleo vai buscar ou compra nosso os usa tem o que a galera acho que esquece é que os usa e auto suficiente em energia já os outros nem tanto,negativo
arregaram,positivo
britânico sai fora da briga de outros,neutro
o reino unido esta cheio de islãmicos tá contaminado pelo inimigo,negativo
fogo no parquinho,negativo
quem quiser passar pelo estreito de ormuz agora vai ter de pagar pedagio,negativo
desde quando a europa e eua têm o direito de se aproveitarem dos recursos de outros países parece mais colonização do que qualquer outra coisa daqui a pouco vão querer reivindicar as riquezas e a água do brasil,negativo
trump deu sinal de que está fraco os europeus já participaram em muitas guerras juntos com eua sim mas a maioria destas guerras nunca foram guerra da europa e sim sempre guerra que os eua inventou,negativo
os bárbaros atacarão as empresas de tecnologia estadunidenses mas avisam antecipadamente as pessoas para deixarem os locais em um raio de km das sedes dessas empresas enquanto a civilização ocidental assassina crianças do ensino fundamental no primeiro dia de guerra um pouco mais de meninas entre a anos de idade em um colégio de teerã eles avisaram também o porquê do ataque tais empresas estão contribuindo para a geolocalização de potenciais vítimas do governo iraniano enfim a civilização ocidental judaico cristã está moralmente falida não esqueçam que apesar de ser uma teocracia há eleições no teerã e as mulheres frequentam universidades e possuem vida profissional coisas que são proibidas na arábia saudita onde só há poucos anos mulheres tiverem permissão para dirigir,negativo
otan por pirraça com trump tá se jogando fora,negativo
vai lá a solução nós não vamos pagar nada é tudo free,positivo
trump é um bundão critica e depois quer ajuda,negativo
quer petróleo va buscar,negativo
antes era salva meu pai trump agora o trump que tá pedindo ajuda,negativo
o mundo civilizado precisa limpar a sujeira do pedófilo donald trump e do corrupto netanyahu,negativo
se não fosse os eua a europa iria sucumbir ao nazismo e ao comunismosocialismo,positivo
acho que o vá buscar seu petróleo funcionou brkkkkk parabéns trump,positivo
as pessoas não sabem mais o que trump disse é verdade não são os eua que passam carga de petróleo por hormuz são os britânicos europeus que tem necessidade de combustível lá eua deviam se retirar e deixar a europa por conta própria babar o ovo do irã se humilhar para passar seu combustível,negativo
não precisa de reunião basta pegar seus navios e ir lá no local,negativo
bênçãos a vc,positivo
a href como assimbrquer se meter nas terras e águas dos outrosbrbrvai imitar a rússiabrbra rússia está erradabre ele está certobro putim tem que fechar esse gás de vez agora,negativo
honestamente ele não deixa de ter razão pois ser aliado não é ser isso e os líderes europeus estão à ser tudo mais menos aliadospois quando se é amigo se deve ir ao auxílio do amigo mesmo que este esteja errado mais primeiro é lhe ajudar e depois phe repreender e não lhe abandonar e lhe recusar ajuda quando esse amigo pede os europeus estão à ser autênticos covarde e medrosos e trump têm sim o direito de se afastar de covardes,negativo
reino unido está todo ruim vai passar vergonha também caso entre nessa e o pior ainda podem levar para uma terceira guerra mundial porque vai ter países que vão ajudar o irã,negativo
a solução é simples é só seguir as recomendações dos neoliberais pague o pedágio para a passagem dos petroleiros é muito mais barato do que gastar bilhões de libras mobilizando tropas matando e morrendo por israel tentando limpar a bagunça que os eua não conseguiram fazer,negativo
o trump tem resultados não adianta,negativo
os terroristas dando entrevista,negativo
aos que estão de mimimi classifiquem o toba de vocês como terrorista e deixem o trump bombardear,negativo
kakakakakak quero classificar esse secretario de ser um terrorista,negativo
que lindo vai falando e falando e falando vem aqui no meu bairro com farmácias pra lavar dinheiro e bandido enriquecendo sócio de empresas sérias o mais engraçado é que eles são terroristas tu só não pode nomear mtrm um coroa esse ano mesmo por negar pagar taxa esses políticos e seus funcionários são delirantes incrível,negativo
considerando o histórico do partido do amor em defender a bandidagem que vem desde lá atrás quando defenderam os sequestradores do abílio diniz abrigaram o terrorista italiano battisti defendem o hamas votam sempre a favor dos bandidos na câmara o governo não parece com muita vontade de combater o crime é mais fácil colocar a culpa nas redes sociais nos discursos de ódio nas inteligências artificiais continuar enganando a população e ainda censurar adversários,negativo
os eua nao consegue impedir que os terroristas de verdade cometam atentados dentro do país deles e vem se meter com as organizações criminosas dos outros,negativo
fazem parte do crime organizado,negativo
meu amigo eu quero que alguém resolva o problema quem vai ser não me interessa,neutro
conversa fiada se eles forem terroristas o brasil coloca o exército pra pegar eles e trump não precisa mandar ninguém não já que o brasil fará seu papel mas o brasil tem bandidos na presidência que não querem pegar bandisos,negativo
esclarecer cnn para o povo esse aí e advogado do crime organizado,negativo
a sociedade diz que são terroristas e ele diz que a sociedade reprimiu não aceita eles como terroristas,neutro
até hoje não combateram agora que os eua estão pressionando querem dizer que estão combatendo,negativo
querem proteger criminosos,negativo
cnn informa o presidente americano que eu tenho plano para o irá a guerra não vai acontecer mais no meio oriente,positivo
governo protege o pcc e cv,negativo
poxa gente entendam o lado dele se ele fizesse isso estaria se declarando terrorista também,neutro
como brasil vai combater crime se o crime tá dentro da política no brasil como combater crime se o próprio brasileiro e criminoso safado gosta de sempre dá um jeitinho brasileiro infesmente brasil e um país de vagabundos,negativo
o cara tem a cara de pau de falar que a população pressionou os parlamentares a não classificar as organizações com terroristas,negativo
pressão do povobroxiibrbrmaioria quer que se enquadre como terroristas mesmo,negativo
melhor assim deixem a inteligência brasileira de fora percebese que o crime organizado está por todos os lado inclusive na abin,negativo
cnn mostra sua cara,negativo
coitado não tem nem relevância só foi o galego apertar que o l começou a falar os nomes dos times jogadores que estão no sistema organizado,negativo
a href e as pessoas que são brutalmente ass por essas fac só por fazerem simbolos de paz e amor em fotos ou só por vestirem roupas de determinada marca,negativo
hâ hâ sei vai combater quot,negativo
sao terroristas sim e tem que classificar esses merdas como terrorismo,negativo
a classificação de quotgrupos terroristasquot em solo nacional abrirá margem para alguma nação prepotente intervir sob o pretexto do combate aos criminosos anexando commodities que forem interessantes e qualquer brasileiro com dois ou mais neurônios sabe que seremos roubados por um tal país estrangeiro,negativo
mentiroso safado,negativo
tem condições de combater crime né aham acredito kkkkkkkk,positivo
quem vive de esmola e os eleitores do pt,negativo
a esquerda sempre foi leniente com o crime organizado sempre passou a mao na cabeca de bandidos e a populacao sabe muito bem disto,negativo
tem nada disso e só conversa fiada bando de froxxo,negativo
amigos do crime,negativo
o brasil nao tem qualquer influencia nesta decisao e o governo americano quem decides de acordo com os seus interesses,negativo
vcs esqueropatas mudem todos para cuba pais prospero e livre kkkkkkk,negativo
se você é trabalhador não vote na extrema direita pra eles vc é escravo,negativo
explicação confusa,negativo
sempre os deputados fazendo lobby com a industria farmaceutica pq será ein vamos deixar esse tal de deputado capitão alberto neto famoso qual será o interesse dele em prorrogar essa patente por mais anos,negativo
tudo isso vai mudar dentro de poucos meses o brasil estar perto de descobrir a maior reserva de petróleo do mundo óleo fino que vai mudar toda essa dinâmica de investimentos aguardem mais ou meses,positivo
escravos do pt chinês brsem futuro brsalário miserável impostos agressivos,negativo
imaginem se bolsonaro tivesse voado em um jato do vorcarobrbrmoraes muito puto com bergamo por causa da matéria sobre voo em jatos do vorcarobrbrmônica bergamo moraes está muito contrariado com a matéria não é ilegal voar em jatos executivos mas mostra a proximidade que o casal alexandre de moraes e viviane tinha com daniel vorcaro,negativo
salário miserável e trabalho escravo brptzada escrota escraviza os pobres,negativo
empata o cacete,negativo
cnn já começou a campanha pro ladrão gagá,negativo
aqui em minas o pateta tem muita chance de ser governador fica tranquilo,positivo
quem ganha minas gerais sobe a rampa,neutro
mineiros não façam a cagada de votar no filho do coisa ruim tal pai tal filhovai ser só desgraça,negativo
ainda tem gente que vota na família golpista,negativo
e o menin dono da cnn tem notícia do sócio vorcaro,negativo
quotraposa no galinheiroquot o problema não está apenas na raposa mas em quem deixa a porta aberta e permite o acesso,negativo
democracia não dá certo em um país com um povo ignorante igual os brasileiros seria melhor se o brasil tivesse seguido os mesmos passos da china com um projeto de nação de anos entra e saí presidente e continua tudo a mesma coisa só piora,negativo
pesquisa tão verdadeira como o bolsonarismo,negativo
esse jornalismo parcial de direita é uma piada,negativo
pesquisa fraude,negativo
gente pq à cnn nao faz jornalismo honestamente elles querem emourra esse velho maudits à guela à baixo velho ja esta desgastado,negativo
projeto da direita ficar de quatro pros eua canalhas golpistas sujos,negativo
flávio bolsonaro presidente,positivo
se você é trabalhador não vote na extrema direita pra vc é escravo,negativo
ainda gente pra votar no ladrão,negativo
mineiros pelo amor de deus viu pega a visão desgramachega desse dedos,negativo
tem gente q ainda vota no bandido tão completamente por fora dos fatos ignorância pode levar à vitória do ladrão,negativo
imaginem se bolsonaro tivesse voado em um jato do vorcaro,negativo
to tão empolgado que até esqueci das eleições,neutro
vai ser primeiro,positivo
arrebenta cleytinhooooooo,negativo
que mundo é esse,negativo
tá louco e muita misoginia na mente desse pessoal se eleger esse criminoso puxa saco da esquerda maldita,negativo
por isso voto no mateus simões,positivo
que maravilhoso se isso acontecerbrjá pensaram no cleitinho fazendo vídeos criticando tudo o que ele mesmo não está fazendo é bem capazbrtomara que ganhe mesmo o povo merece,negativo
kalil é um absurdo estar aí,negativo
cheirinho mercê uma grande vitória ele mostra o trabalho dele brjá o pacheco mostrou o que ele é e o quem ele é,negativo
temos ferrado nenhum p,negativo
pesquisa é engenharia social,negativo
mais preparado pacheco como governador,positivo
pacheco mineiro tá louco da cabeça de votar num cabra desse,negativo
parabéns aos mineiros tá virando um rjbr,negativo
se esse cara se importasse realmente com minas gerais ele se candidataria para governador a elite fez um estrago em minas zema aumentou o salário mais de não se esqueçam disso povo mineiro esses lixos não prestam esse aí é só mais um lobo na pele de cordeiro,negativo
esse pacheco não vale nada ele engavetou as denúncias contra os ministros do stf,negativo
assim se os mineiros permitirem cleitinho o maior fanfarrão da política brasileira tem chance de ser governador parece que a tática de chamar a atenção de qualquer forma mesmo a mais grotesca tende a funcionar com o eleitor mineiro,negativo
não votem no pacheco minha gente pelo amor de god,negativo
excelente capacheco fora,negativo
que tistreza minha minas gerais é só ladeira abaixo,negativo
kalil pacheco eu votaria do diabo o estado de mg teria melhores chances de melhorar,negativo
pacheco tinha tudo para ser o principal político mineiro porém mesmo com sua inteligência se perdeu no seu caráter fraco e covarde pacheco simone tebet serão substituídos no senado e suas carreiras políticas acabadas por consequências de suas escolhas,negativo
prova que temos muitos idiotas aqui nas minhas minas gerais,negativo
missão partido sem ladrões,negativo
quando ouço falar em pacheco me dá um profundo asco cara de paisagem e rabo preso,negativo
votar em um que não é do estado que não conhece ada sobre o estado é um absurdo o concorrente do estado tem que ser muito lixo para perder,negativo
o cleitinho honrou minas gerais o rodrigo pacheco traidor pago para acabar com a direita e dar poderes para o stf está marcado aqui fora pacheco,negativo
pqp não sei qual o pior não foi esse que pediu foto para a influencer do tigrinho,negativo
cleitinho nosso governador pachecudo e kalil dois canalhas fora,negativo
pachecoesse ainda existe clitinho é do povão vai ganhar,positivo
pqp minas vai continuar sendo um estado falido e dilapidado pelas mineradoras,negativo
pacheco e kalil dois nomes que nem deveriam mais fazer parte da politica mineira ambos,negativo
cleitinho vai ser o governador de minas gerais ninguém tira dele nem pacheco e nem calil o mineiros coloca o cleitinho no primeiro turno estamos fazendo esta campanha nada de segundo turno para que voltar nas urnas de novo se nós temos os nossos candidatos bora lá mineiros não podemos deixar brechas nessa eleição,positivo
torcemos para que seja revertido já bastam os anos de desgoverno do zema esse cleitin é da mesma turma fala demais e não trabalha zema né deixou uma dívida gigante e aumentou o próprio saláro em além de ajudar seus amigos bilionário como o caso da localliza minas precisa se livrar desse bolsonazismo cleitin não server nem pra síndico de prédio precisamos de pessoas com responsabilidade o comportamento dele é de moleque assim como o bolsoluço,negativo
imagina tu morar em minas e ter como candidato lixo kalil e pacheco kkkkkkkkkkkkkkkkk não é atoa que o povo vai com tudo votar no cleitinho,negativo
pesquisa fraude,negativo
creitinho da minas espuma,negativo
a gente não vota pensando se o cara é apto a realizar o trabalho de governar um estado é incrível,negativo
cleitinho neles,negativo
pacheco é muito mais preparado povo mineiro esse cleitinho é só mitação nas redes sociais nunca administrou nada além de verdura podres,negativo
quem acredita em pesquisa,negativo
pesquisa fraude,negativo
não haverá turno eleitoral em minas geraisbrdê lavada cleitinho no turnobronde esses imbecis kalil e pachêco vão tirar voto brsomente com compra de votos e pagar carobraté o trouxa agregou valor no voto para essa turma fisiologiaca,negativo
ja esta eleito cheitinho pacheco parceiro do luladrao nunca mais,negativo
cleitinho ganha disparado,positivo
num país onde não se pode acreditar no stf vai acreditar em pesquisas eleitoral,negativo
estamos te esperando pacheco com o pau na mão,negativo
nao é a toa que mnas gerais saiu da lista dos melhores estados em renda familiar com tanto esquerdista lugar nenhum se desenvolve,negativo
renan santos,neutro
porra essa amigos mineiros vamos expurgar esse larápio no primeiro turno logo gente,negativo
acorda jovens vcs não vão ganhar nada em troca votando no flávio rachadinha,negativo
se você é trabalhador não vote na extrema direita pra eles vc é escravo,negativo
porque não colocou o titulo turno,negativo
e no segundo turno kkkk esqueceram,negativo
e no segundo turno,neutro
minas gerais o nordeste nas eleições do sudeste affff ate aqui o povo ta abrindo oa olhos e minas ainda está com os olhos tapados,negativo
acorda mineiros parem de votar no luladrão,negativo
e no segundo turno,neutro
boletão sendo pago em mg,neutro
pesquisa fraudest,negativo
kkkkkkkkkkkkkkkkkkkkkkkk ou está com ele ou contra ele,neutro
deus não merecíamos esse e sua corja no poder acabando com nosso lindo brasilaté quando senhor,negativo
só besta não ver que isso é estratégia para ganhar votos para a eleição esta tão na cara que assusta passou anos pra fazer algo,negativo
quem quer entender os ministérios do nove dedos,negativo
eliminar o pt nessa eleição,negativo
graças a deus vai acabar esse desgoverno chega logo outubro,negativo
quer fraudar mais uma eleição,negativo
racha tem é na família do boso,negativo
cobrança não é racha,neutro
ministro cutucando ministro noooffa que assanhados,negativo
misógino a desculpa só se fosse de direita,negativo
neuras do apocalípses gigantesco buraco negro da corrupção de mãos dadas com as cargas de impostosnessa parada sustentam as mesas fartasobesas ociosas e inúteiscontribuintes dos milhões sempre se ferrandocom ou sem rezas,negativo
esse governo já nasceu rachado pela corrupção temos que arrancar todos eles da cena do crime,negativo
adeus larápio e toda corja que não serão eleitos,negativo
o último apaga a luz,negativo
o congresso nacional manteve o brasil nestes últimos quatro anos amarrado no mouro braliás este é o pior grupo de par_lamentáveis eleitos desde a proclamação da república em o p i o r,negativo
haddad conseguiu grandes realizações enquanto ministro graças a elebrfui comprar remédio para soluço e quando me falaram o preço o soluço passou na horabrremédio para pressão agora é complicado você toma para baixar a pressão mas o preço faz ela subir no mesmo instantebrquando o dr diz tome em jejum eu nem discuto porque depois de pagar a conta não sobrou dinheiro para a comida mesmobro motorista do uber não te oferece mais bala ele oferece um financiamento em vezes para pagar a corridabrem vez de passar o café no coador estou passando no cartão de crédito em vezes sem jurosbrentro no carro e o painel não acende a luz da reserva ele acende a luz do vá de ônibus em neon vermelhobro preço dos relógios está pela hora da morte e os óculos estão custando os olhos da carabrestou guardando a garrafa de azeite no cofre e temperando a pizza com contagotasbrfui trocar o óleo do carro e o mecânico me perguntou se ia dar o carro como parte de pagamentobro uber em são paulo mudou o nome de preço dinâmico para preço traumáticobrabastecer o carro hoje em dia não é manutenção é transferência de patrimôniobro ponteiro do combustível do meu carro não marca vazio ou cheio ele marca pobre ou milionárioquotbrem festa de casamento ninguém mais joga arroz nos noivos agora jogam santinho de político de eleição passadabro açougueiro não usa mais faca usa um estilete de precisão para não errar um miligramabrnão uso mais papel higiênico folha dupla uso folha de rascunho e ainda guardo o canhoto para prestar contas no impostobreu não calibro mais o pneu com libras eu calibro com orações para ele não furar no meio da marginalbragora antes de morder o pastel de carne eu tiro uma radiografia para ver se a proteína está presente antes de pagarbrfui ao médico ele me disse que em breve eu estaria bem caminhando tranquilo pela rua tive que vender o carro para pagar elebrfui ver um tênis e o vendedor me perguntou se eu queria com amortecimento de impacto ou com parcelamento de impactobro azeite no mercado não fica mais perto do vinagre fica na vitrine dos produtos de luxobrentrei na padaria e pedi cinco pães o balconista me pediu o comprovante de residência e duas referências bancáriasbrse a branca de neve fosse hoje a bruxa nem precisaria dar a maçã era só mostrar o preço que ela desmaiaria na hora,negativo
e o salário miserável continua piorando pt,negativo
não vai chegar nem a,negativo
é lógico bré o que sabem fazer,negativo
daqui a pouco todos estão livres,positivo
o stf sempre o tal de stf kkkkkk brasil colonial tinha mais justiça que hoje kkkkkkk,negativo
o stf é uma máfia protegendo o narco tráfico,negativo
a justiça do brasil é sobre quem pode pagar mais,negativo
bandido nojento,negativo
um país onde os bandidos são soltos e os inocentes presos,negativo
é uma justiça bosta,negativo
o irã não negocia com genocida dos estados unidos e israel,negativo
essa guerra é disperdício muito grande de dinheiro s falar nas mortes de muitos inocentes,negativo
cadê tranpi,negativo
cadê o domo de ferro virou peneira de bosta,negativo
eles gostam de guerra,negativo
trump chupim de riquezas alheias,negativo
essas guerras quem perde é so o povoinfelizmente não sabemos enquanto isso vai durar enquanto o trump estiver no poder vai ser uma guerra atrás da outra,negativo
eita,neutro
não vote na extrema direita partido contra os trabalhadores e o brasil,negativo
sou aposentado que contribui no regime inss antes e pós estou na rvt ganhamos e agora mudam a tese e nos condena a viver com salário mínimo,negativo
tramp é um débil mental,negativo
neura do apocalípse a maioria dos doutos estão sentados em seus tronos encastelados tão altosssssssssssssssssssss que não conseguem mais enxergar em baixo as cargas de imposostos que os sustentão das mesas fartas obesas ociosas e inúteiscom esses estamos ferrados sem dó,negativo
fachin foi um dos primeiros a enfiar a ética no cool,positivo
como ele quer um código de ética sendo que o mesmo não tem ética,negativo
eles só precisam obedecer e defender a constituição que eles tanto desrespeitam e agridembrbrbrbreles não agem como um tribunal constitucional brbratuam como tribunal penal porém usam todo o rigor contra conservadores enquanto são mansos com corruptos e traficantes basta ver as penas duras que pessoas comuns que protestaram estão sofrendo enquanto nem traficante e nem corrupto sofre pena similar e quando um tribunal inferior munido de toneladas de provas e anos de investigação condenam eles dão um jeito de anular e jogar o trabalho árduo das instituições no lixo,negativo
que piada o que precisam é serem punidos por seus atos como todo cidadão,negativo
não precisa disso já está na lei essas regrasmas os caras não estão nem aí pra cumprir as leis,negativo
o codigo de ética do stf é isso aqui oh,negativo
conselheiro do donald trump acaba de postar a imagem do alexandre de moraes atras das grades,negativo
moraes muito puto com bergamo por causa da matéria sobre voo em jatos do vorcarobrbrmônica bergamo moraes está muito contrariado com a matéria não é ilegal voar em jatos executivos mas mostra a proximidade que o casal alexandre de moraes e viviane tinha com daniel vorcaro,negativo
maranhão brcoitadosbrsarneybrdino brum dos piores estados do brasil,negativo
vai achar o dedo do rocombole no meio,negativo
não vai dá em nada a polícia federal faz um excelente trabalho infelizmente a justiça brasileira é uma vergonha,negativo
investigar bem hein chega no rocambole dos infernos,negativo
sao amiguinhos do dino,negativo
é preciso investigar todos os tribunais estatuais,neutro
quem devia dar o exemplo,negativo
a polícia federal tem trabalhado muito para combater os crimes dos bandidos de colarinho branco,positivo
um desembargador que emporcalha a toga deveria ser exonerado a bem do serviço público,negativo
esse é a cará das instituições brasileirasbrjudiciário executivo e legislativobrcomo acredita em uma justiça que vende sentençabro maior escarnio é saber que suas punições são aposentadorias compulsória,negativo
o ministro sapo vai cancelar as investigações,negativo
quando é que vai acabar os bolsonaristas golpistas,negativo
cheguei na pior fase esse vai ser nosso pior ano de todos meu gas ta acabando e quase nada pra comer é urgente gente desculpa eu sei que não é o lugar pra isso ninguem tem nada com meus problemas mas o desespero ja tomou conta de mim sou pai viuvo de filhos to desempregado a mais de ano perdido geladeira vazia eu gravei tudo eu provei minha situação mostrei tudo e imploro qualquer ajuda urgente cesta basica doações emprego trabalho por comida se precisar me ajudem pelo menos compartilhar o video estou sem saida penso em fazer besteira comigo mesmo,negativo
moraes muito puto com bergamo por causa da matéria sobre voo em jatos do vorcarobrbrmônica bergamo moraes está muito contrariado com a matéria não é ilegal voar em jatos executivos mas mostra a proximidade que o casal alexandre de moraes e viviane tinha com daniel vorcaro,negativo
a verdade é que hoje os estados unidos é uma ameaça maior que a rússia,negativo
vai logo pro diabo que o carregue,negativo
e ta errado se eles protegem no minimo quando pedir tem que ajudar,negativo
vai tarde dizia protejer os arabes olha o que aconteceu com dubay e o resto do golfo ja mostrou que deixou de ser o pit bul do planeta para virar um vira lata isso me fez lembra de algo,negativo
antigamente tinha tanta coisa boa colecionavamos discos ouvíamos rádio sonhando que alguém fizesse dedicação com música tinha clips ouvíamos músicas românticas no aukman com fone tínhamos fitas que gravamos músicas jogávamos bolinha de good empinava pipa ajuntamos figurinhas,neutro
melhor sair não adianta participar se não obedece as regras,negativo
trump tá surtando com o maléfico resultado financeiro da guerra com o irã,negativo
no fundo ele tem razão pq liberar a passagem de petróleo era importante mesmo e a otan não tá ajudando os eua nem nisso então até q ponto é confiável contar com essa ajuda numa emergencia por outro lado a europa teme porque não quer conflitos a economis não tá boa então preferiram não se posicionar pq se não a europa poderia ter mísseis balísticos destruindo lá tbemmas a questão é complexa de ambos lados só acho q ficar dizendo q a otan é tigre de papel poem descredibilidade e faz com que países não levem a sério a organização acho q o q se pensa deve falar em reunião com eles no privado não na mídia até pq que deixar a otan é perigoso por novas alianças a países comunistas,neutro
fodase o trump,negativo
vem pro brics kkkkkkk,positivo
os europeus ja foram homens hj são tdo de esquerda kkk,negativo
esse ai esta desesperado por que não recebe apoio pra assaltar países,negativo
já na torcida só assim para ter maioria poderosa contra essa nação,negativo
sai do conselho de segurança,negativo
seria uma noticia muito boa ver o eua completamente isolado no mundo trump melhor presidente da russia,negativo
o povo americano em entrevista se queixou do trump sobre quebrar aliancas historicas agora sua aprovacao de governo vai a,negativo
já devia ter retirado,negativo
tá chateadinho tá,negativo
a europa não tem como se defender da rússia mas a rússia não consegue nem invadir a ucrânia quotsozinhaquot,negativo
ele está certo essa otan serve para que se não ajudam em nada,negativo
europeus progressistas irao cavar a propria ruina com políticas ideologicas acima da razao,negativo
putin tá feliz q nem pinto na m,negativo
a europa depende dos eua para se defender da mãe rússiabro mundo vendo os eua sendo enrrabado pelo irã,negativo
alguém deveria avisar a essa mistura de nero contemporâneo com o pirata barba negra que a otan foi criada pra se defender não pra procurar guerras e confusão por capricho dele,negativo
a europa tá preocupada com a guerra na ucrânia não interessa israel pra ela e os drones iranianos usado contra a ucrânia são fabricados na própria rússia e não mas no irã então a rússia é o problema não o irã eu começaria armando a ucrânia com drones se todos ajudarem a ucrânia a rússia pede acordo ainda esse ano,negativo
rússia e china agradecem,neutro
eua ficou orgulhosa otan se preveniu vestiu sozinha sua defesa clonou estratégia americana como pib muito alto coseque só fencer,negativo
tadinho,negativo
otan acabou desde quando foi ajudar a ucrânia contra a rússia,negativo
tira entao,negativo
objetivo é destruir a economia mundial,negativo
mesma conversinha fiada toda vez,negativo
laranjão está exagerando sem a otan os estados unidos teriam de desativar suas bases militares nesses países o que geraria desemprego no setor militar além disso sem a venda de armas para a europa enfrentariam sérias dificuldades econômicas rapidamente,negativo
a otan é um grupo de países que se unem para defesa mútua ou seja se um for atacado os outros ajudam não um grupo ofensivo artigo da otan foi invocado pela primeira e única vez pelos estados unidos isso aconteceu após os ataques de de setembro de conhecidos como atentados de de setembro de o senhor trump atacou um país sem perguntar nada aos seus aliados europeus agora que está em problemas quer a ajuda dos outros países a europa pode ficar mais fraca militarmente mas os estados unidos também vão ficar se saírem da otan e os estados unidos tem muito mais inimigos que a europa cada dia que passa ele consegue arranjar mais amigos,negativo
não tem como se defender não é isso que os países pequenos estão mostrando ucrânia e irã mesmo a ucrânia recebendo ajuda mas tem sua táticas de defesas e o irã também na realidade quanto mais aliados nessa era da tecnologia melhor,neutro
a href ele age huham o trump só ataca quem ele acha que é fraco enfim o cara está afundando ainda mais rápido os eua kkkk,negativo
muto bem tei que tira mesmo,positivo
otan nao serve para nadaaaa oque ela ja fez ate hoje rsrsrsrs nadaaaaaaaaa,negativo
trump não está mais batendo bem da cabeça ele está atirando para todo lado,negativo
essa coca é fanta uva,neutro
o doente começa uma guerra sem avisar ninguém e quer que todo mundo embarque na loucura dele,negativo
parabéns pra pra moscou,positivo
kkkkkkk deixaram o laranjão na mão se fffff,negativo
desprotegido da russia parece que a rússia é o lobo mau esperando os porquinhos ficarem sem casa de tijolos sem os eua os europeus e os russos estariam livre para fazer mercado e investimentos mútuos iam ser o continente mais rico e poderoso do mundo,negativo
sabia tinha certeza que ele faria isso,neutro
kkkkkkkkkkkkkkkkkkkkkkkkkkkkkkkkkkkkkkkkkkkkkkkkkkkkkkkkkkkkkkkkkkkkkkkkkkkkkkkkkkkkkkkkkkkkkkkkkkkkkkkkkkkkkkkkkkkkkkkkkkkkkkkkkkkkkkkkkkkkkkkkkkkkkkkkkkkkkkkkkkkkkkkkkkkkkkkkkkkkkkkkkkkkkkkkkkkkkkkkkkkkkkkkkk,neutro
otan tem que se vira sozinha chega do governo americano bancar sempre essa organização tão inútil quanto a onu atualmente,negativo
esse louco é louco mesmo,negativo
trsmp experimentou do mesmo veneno que a otan europa experimentou quando recusou apoiar os interesses da europa na guerra da ucrânia toda subida na volta é descida,negativo
eua junto com israel fora da otan fora da omc fora da oms fora da ocde do mundo quem sabe a humanidade ainda tenha jeito,negativo
tem que gravar para que possa contestar perjúrio caso ocorra,neutro
pensei que eua tava querendo combater o crime organizado mais pelo ta dando asilo pra golpista condenado foragido,negativo
minguem esta acreditando nas autoridades brasileiras isso e uma vergonha, negativo
kkkkkkkkkkkkkkkkkkkkkkk esse laranjão tá muito molongoide, negativo
dia está a porta a tv digital muito bom muito bom para a tv em geral g,positivo
a cnn é uma globo disfarçada completamente ideologizada de esquerda, negativo
apoiado dino, positivo
